{
  "overall_score": 0.25,
  "grade": "D",
  "status": "\ud83d\udc80 POOR - Minimal structure learning",
  "individual_tests": {
    "test_1": {
      "score": 0.25,
      "details": {
        "final_loss": 1.0177485942840576,
        "recovery_metrics": {
          "precision": 0.2,
          "recall": 1.0,
          "f1_score": 0.33333333333333337,
          "accuracy": 0.36,
          "structural_hamming_distance": 16,
          "structural_correlation": 0.17363587021827698,
          "true_positives": 4,
          "false_positives": 16,
          "true_negatives": 5,
          "false_negatives": 0,
          "threshold_used": 0.3
        },
        "learned_adjacency": [
          [
            0.0,
            0.3625800311565399,
            0.3613334596157074,
            0.39610055088996887,
            0.35247868299484253
          ],
          [
            0.37815895676612854,
            0.0,
            0.3731307089328766,
            0.4038820266723633,
            0.3493659496307373
          ],
          [
            0.37343549728393555,
            0.33528679609298706,
            0.0,
            0.32624438405036926,
            0.3911948800086975
          ],
          [
            0.38166919350624084,
            0.4162653386592865,
            0.4159940481185913,
            0.0,
            0.3846508860588074
          ],
          [
            0.3549029529094696,
            0.3848661780357361,
            0.3620939254760742,
            0.3854060173034668,
            0.0
          ]
        ],
        "ground_truth_adjacency": [
          [
            0.0,
            0.699999988079071,
            0.0,
            0.0,
            0.0
          ],
          [
            0.0,
            0.0,
            0.6000000238418579,
            0.0,
            0.0
          ],
          [
            0.0,
            0.0,
            0.0,
            0.5,
            0.0
          ],
          [
            0.0,
            0.0,
            0.0,
            0.0,
            0.4000000059604645
          ],
          [
            0.0,
            0.0,
            0.0,
            0.0,
            0.0
          ]
        ],
        "learned_graph_summary": {
          "edges": [
            {
              "cause": "weather",
              "effect": "crowd_density",
              "weight": 0.3625800311565399,
              "cause_idx": 0,
              "effect_idx": 1,
              "statistical_support": 0.6053204536437988,
              "is_statistically_supported": 