{
  "train_losses": [
    1968.1723469435567,
    390.88162196766245,
    379.3627051536483,
    375.60371048281894,
    368.26371518530027,
    367.49925100923787,
    366.94621789335,
    366.19162692445695,
    366.029887998947,
    365.75069327306267,
    365.1585730350379,
    366.47706033725933,
    366.9426918415108,
    366.7189634303854,
    366.3378476229581,
    366.1431574965968,
    365.7237094147037,
    365.4597675439083,
    365.1050771077474,
    364.8376914900963,
    364.6289430483423,
    364.4124898043546,
    364.228205401488,
    364.0525173225788,
    363.8696945267494,
    363.7369208673034,
    363.5850288314049,
    363.54166955658883,
    363.4922689958052,
    363.2859078994905,
    363.2792510986328,
    363.24348492092554,
    362.7162461328988,
    362.52445070671314,
    362.5285944697833,
    362.47488106621637,
    362.4648384710755,
    362.38787579777267,
    362.42738677516127,
    362.4651384064646,
    362.3846865567294,
    362.3596060396445,
    362.4040625601104,
    362.35619801222674,
    362.31359404746934,
    362.37372804892186,
    362.12677456634214,
    362.0566019385752,
    362.0502278877027,
    362.034092488915
  ],
  "val_losses": [
    404.36347081926135,
    375.4197240405613,
    370.8402877913581,
    368.5323051876492,
    365.2161703109741,
    364.9781626065572,
    365.0284082624647,
    362.9478515519036,
    364.1917883025275,
    363.15793540742663,
    362.0496057934231,
    363.39329687754315,
    363.9171341260274,
    362.4979473749797,
    362.98210461934406,
    362.7416746881273,
    361.722179306878,
    361.9776275952657,
    361.72278934054907,
    361.39557880825464,
    361.1027177174886,
    361.21510383817883,
    361.17407597435846,
    360.7093412081401,
    360.9085160891215,
    360.44348838594226,
    360.7159639464484,
    360.5548392401801,
    360.025561120775,
    360.88188076019287,
    360.4129189915127,
    360.4849938816494,
    360.1801937950982,
    360.4698197046916,
    359.80402660369873,
    359.9096894264221,
    359.8083536359999,
    360.64345243242053,
    360.00100713306006,
    359.89136049482556,
    360.022354443868,
    360.20743952857123,
    359.8559322886997,
    360.0974911053975,
    360.09810702006024,
    360.21536842981976,
    359.7306447029114,
    359.76549005508423,
    359.46028306749133,
    359.86235014597577
  ],
  "train_recon_losses": [
    1822.0756492229423,
    390.4183350380021,
    379.33592224121094,
    375.57099544640744,
    368.2578764250784,
    367.49362637298276,
    366.941692622021,
    366.1885372123333,
    366.02679108128405,
    365.74776466446696,
    365.1567313454368,
    366.4748851506397,
    366.9412369390931,
    366.71746132590556,
    366.33662198769923,
    366.14191452180495,
    365.7227517715608,
    365.4588928222656,
    365.1045156151357,
    364.83720868043224,
    364.62853082984384,
    364.41215804128933,
    364.22790889547326,
    364.05225803876164,
    363.86948456427064,
    363.7367026589134,
    363.5848698471532,
    363.5414503078268,
    363.4920484754774,
    363.28577931722003,
    363.27907146107066,
    363.24269566391456,
    362.7158868963068,
    362.5242120762064,
    362.52840585419625,
    362.4747585335163,
    362.46457625880385,
    362.3877683697325,
    362.4272031687727,
    362.46486278495405,
    362.3845166293058,
    362.35942566996874,
    362.403561717332,
    362.3559702092951,
    362.3134177236846,
    362.37319295093266,
    362.1266103416982,
    362.05654040249914,
    362.05013737534034,
    362.0340214738942
  ],
  "val_recon_losses": [
    399.15042824215357,
    375.3772044711643,
    370.8218473858303,
    368.5247497558594,
    365.21134259965686,
    364.9740657276577,
    365.0258337656657,
    362.94637330373126,
    364.18897189034357,
    363.1551631291707,
    362.0474438137478,
    363.3917880588108,
    363.91613970862494,
    362.49598868687946,
    362.9811102019416,
    362.7405898835924,
    361.7215464909871,
    361.97714545991687,
    361.7220058441162,
    361.3952740563287,
    361.1023259692722,
    361.2147120899624,
    361.17392529381647,
    360.70906999376086,
    360.9083654085795,
    360.4433075586955,
    360.71578311920166,
    360.5546584659153,
    360.02541044023303,
    360.8817300796509,
    360.41279845767554,
    360.48360776901245,
    360.1798924869961,
    360.4696087837219,
    359.80372524261475,
    359.9095688925849,
    359.80826324886743,
    360.64327165815564,
    360.00088659922284,
    359.89117972056073,
    360.02217366960315,
    360.2073491414388,
    359.8534010781182,
    360.0972198910183,
    360.0970523622301,
    360.2150369750129,
    359.73052416907416,
    359.76545990837946,
    359.46013238694934,
    359.8622899055481
  ],
  "train_kl_losses": [
    146.09670260616323,
    0.46328758937541886,
    0.026782432063059372,
    0.03271543588301148,
    0.005838491775170721,
    0.005624287808784331,
    0.004525114866820249,
    0.00308974516211134,
    0.0030978057119581434,
    0.0029286344846089682,
    0.0018419064205102247,
    0.0021752615769704184,
    0.0014542825143746656,
    0.0015023906875138331,
    0.0012251961261335045,
    0.0012429111232661238,
    0.0009575837639847187,
    0.0008741272519333194,
    0.0005619810386137528,
    0.0004830143668434837,
    0.0004119886593385176,
    0.00033146918121010365,
    0.00029661047338235257,
    0.00026006055901748963,
    0.00020977794521986835,
    0.00021794852283265855,
    0.00015875712187603266,
    0.00021979875034756132,
    0.0002201142335178876,
    0.00012904766834143436,
    0.0001795603470368819,
    0.0007901315135185165,
    0.0003601852992568353,
    0.0002378935765738439,
    0.0001883832643730472,
    0.00012402823477080375,
    0.00026170533112805297,
    0.00010771823651862867,
    0.00018358591831091678,
    0.00027563234772345034,
    0.00016957461231886738,
    0.000180013252027107,
    0.0005011847524931936,
    0.0002280148592862216,
    0.00017649356764976425,
    0.000535460433574638,
    0.00016412108835547862,
    6.125190041281961e-05,
    8.973930821274266e-05,
    7.009144985314572e-05
  ],
  "val_kl_losses": [
    5.213044674446185,
    0.04251815130313238,
    0.01843934382001559,
    0.007557281603415807,
    0.004828815244966083,
    0.004095371812582016,
    0.002574608557754093,
    0.0014828000631597307,
    0.0028164320521884495,
    0.00278510774175326,
    0.002156515916188558,
    0.0015196680194801753,
    0.000987265259027481,
    0.001959203845924801,
    0.0009865330325232612,
    0.001091031978527705,
    0.0006288443174627093,
    0.000478032562467787,
    0.0007870164182451037,
    0.00031566164559788175,
    0.0004030321207311418,
    0.00039580671323670284,
    0.0001581567857000563,
    0.0002843249175283644,
    0.00016179556647936502,
    0.0001927941209740109,
    0.00018362576762835184,
    0.0001695007085800171,
    0.0001478422847059038,
    0.0001469006141026815,
    0.00012900887264145745,
    0.0013823724455303615,
    0.0002900345457924737,
    0.0002034008502960205,
    0.00030415960484080843,
    0.0001148838135931227,
    8.569202489323086e-05,
    0.00017044237918323942,
    0.00010640877816412185,
    0.00016761736737357246,
    0.00017326739099290635,
    9.228371911578708e-05,
    0.002541568958097034,
    0.00027873449855380587,
    0.0010414876871638829,
    0.000332409722937478,
    0.00011017546057701111,
    3.8608494732115e-05,
    0.0001647923555639055,
    6.02669186062283e-05
  ],