{
  "train_losses": [
    641.8828407027175,
    182.18254708580665,
    181.7483218032702,
    181.58029332986825,
    181.527228084135,
    181.4760991227913,
    181.48607538080998,
    181.42001508671777,
    181.3977898598923,
    181.38928870817202,
    181.39298905132694,
    181.38641839684487,
    181.35232088689406,
    181.3635181566858,
    181.35652781798777,
    181.3461207644225,
    181.350457346997,
    181.337222440505,
    181.33453967146264,
    181.32545164472384,
    181.34113621380175,
    181.32517241467116,
    181.31986478668097,
    181.2250449545917,
    181.20865255903203,
    181.20671851234098,
    181.20395462672718,
    181.20425251069773,
    181.2065708242385,
    181.204358473439,
    181.20223634432904,
    181.2070840095298,
    181.20853866789344,
    181.20376297556496,
    181.1951994190626,
    181.20030837414689,
    181.21176251629663,
    181.1971688638294,
    181.21157046003378,
    181.20502083220163,
    181.1508145724175,
    181.14835219738907,
    181.14585673914547,
    181.14591667474295,
    181.14342546041033,
    181.14742274230107,
    181.1464300529393,
    181.1440181611612,
    181.13919802351035,
    181.15092803916497
  ],
  "val_losses": [
    182.06638867038114,
    181.48730004584039,
    181.6167502236533,
    181.21730404300288,
    181.44000438876918,
    181.48973833097443,
    181.29504197127335,
    181.23145945088848,
    181.25210355211806,
    181.41914036890844,
    181.31761580247147,
    181.09092669720417,
    181.1897884715687,
    181.2369322610068,
    181.1477170290647,
    181.14745907016567,
    181.29059744881584,
    181.16055548607886,
    181.33431750744373,
    181.2215300606681,
    181.1988216213413,
    181.10583127962127,
    181.07465880067198,
    181.08174106624577,
    181.0986322789759,
    181.02121401166582,
    181.10797001765326,
    181.05875922249749,
    180.98115859665236,
    181.0287873594911,
    181.12175697380013,
    181.0645441442103,
    181.0965932032445,
    181.05482747004584,
    181.03778177541452,
    181.13195096529446,
    181.07557835612263,
    180.98845875346578,
    181.0493903526893,
    181.02603200098852,
    180.9641073800467,
    180.97761340908238,
    180.9346717887825,
    180.93741159505777,
    181.000237364869,
    181.0225429935055,
    180.99711144720757,
    181.00825772585569,
    181.00798640217815,
    180.98296940410054
  ],
  "train_recon_losses": [
    350.60935082899783,
    182.1377171879321,
    181.74594019758416,
    181.5801932893119,
    181.52678494266553,
    181.47598920549666,
    181.4860463100197,
    181.41975238862742,
    181.3977294806132,
    181.38928706847912,
    181.39259376959916,
    181.38556513924968,
    181.3519175417354,
    181.36344927029424,
    181.35637193142088,
    181.3459905728076,
    181.3504517913317,
    181.33705243328882,
    181.33419562531483,
    181.32545139394728,
    181.34012708893016,
    181.32508917614422,
    181.31973532810525,
    181.22504493530118,
    181.20865136302075,
    181.20665398560342,
    181.20394947616248,
    181.20425251069773,
    181.206570727786,
    181.20434361975052,
    181.20223601639046,
    181.20708370088175,
    181.20850494809156,
    181.20371175927548,
    181.19519932261008,
    181.20029228586614,
    181.21174411315533,
    181.19715362433084,
    181.211554178848,
    181.20502083220163,
    181.1508145724175,
    181.14835219738907,
    181.14585662340244,
    181.1459159802848,
    181.14342544111983,
    181.14742270372008,
    181.14642974429125,
    181.1440181225802,
    181.13919738692368,
    181.15091607905217
  ],
  "val_recon_losses": [
    182.01532873407112,
    181.48255120124017,
    181.61672018624685,
    181.21730244243062,
    181.43998921000875,
    181.489723152214,
    181.2950268191891,
    181.23145945088848,
    181.25210355211806,
    181.41914036890844,
    181.31761580247147,
    181.09092669720417,
    181.18969262396539,
    181.23691708224638,
    181.1477170290647,
    181.14741356056052,
    181.29033954326923,
    181.16055548607886,
    181.33431750744373,
    181.2215300606681,
    181.1988216213413,
    181.1052699055705,
    181.07465880067198,
    181.08174106624577,
    181.09861712689167,
    181.02106913319835,
    181.10797001765326,
    181.05875922249749,
    180.98115859665236,
    181.0287873594911,
    181.12175697380013,
    181.0645441442103,
    181.0965932032445,
    181.05482747004584,
    181.03778177541452,
    181.13195096529446,
    181.07554802527795,
    180.98845875346578,
    181.0493903526893,
    181.02603200098852,
    180.9641073800467,
    180.97761340908238,
    180.9346717887825,
    180.93741159505777,
    181.000237364869,
    181.0225429935055,
    180.99711144720757,
    181.00825772585569,
    181.00797122341768,
    180.98296940410054
  ],
  "train_kl_losses": [
    72.8183739964112,
    0.011207404992673852,
    0.0005953728625204711,
    2.5095062521103813e-05,
    0.00011102009362125518,
    2.7612473358848754e-05,
    7.478612111280902e-06,
    6.5823496518334e-05,
    1.5219002396960927e-05,
    5.696727111276273e-07,
    9.888614022776994e-05,
    0.0002133722703164507,
    0.00010103341451034835,
    1.7363865366476376e-05,
    3.9175397677608444e-05,
    3.2656412811858014e-05,
    1.5763959149193072e-06,
    4.2589214146514007e-05,
    8.609774139828688e-05,
    2.0375595382131004e-07,
    0.0002523849043623084,
    2.1006153748098727e-05,
    3.254006695656951e-05,
    4.099232207055942e-08,
    3.9183837273328856e-07,
    1.6225122772486863e-05,
    1.4425680399242455e-06,
    1.326222184635746e-08,
    6.751676576327434e-08,
    3.814697265625e-06,
    1.537212077645978e-07,
    2.6946423478735385e-07,
    8.47335410329093e-06,
    1.2919815391415138e-05,
    1.1031757263106431e-07,
    4.2240176580648506e-06,
    4.7816338038776074e-06,
    3.982886351767442e-06,
    4.2179893754074154e-06,
    3.194989808440661e-08,
    6.028282657435209e-10,
    6.63111092317873e-09,
    1.1755151181998657e-07,
    4.044977663139025e-07,
    1.0308363344214207e-07,
    1.362391880580357e-07,
    1.7843716666008218e-07,
    9.283555292450221e-08,
    2.8935756755689e-07,
    3.0677930443687777e-06
  ],
  "val_kl_losses": [
    0.01276502159091976,
    0.0011872588754533889,
    7.163811396885585e-06,
    1.4523942987402002e-06,
    3.7930228493430396e-06,
    3.077350296340622e-06,
    2.372931767176915e-06,
    0.0,
    0.0,
    0.0,
    0.0,
    9.482557123357599e-07,
    2.4654648520729758e-05,
    3.3188949931751597e-06,
    4.7412785616787995e-07,
    1.137906854802912e-05,
    6.305900487032804e-05,
    0.0,
    0.0,
    0.0,
    0.0,
    0.00014129010113802823,
    9.482557123357599e-07,
    0.0,
    2.3706392808394e-06,
    3.6033717068758875e-05,
    0.0,
    0.0,
    0.0,
    0.0,
    0.0,
    0.0,
    0.0,
    0.0,
    0.0,
    4.7412785616787995e-07,
    6.637789986350319e-06,
    0.0,
    0.0,
    0.0,
    0.0,
    0.0,
    0.0,
    0.0,
    0.0,
    0.0,
    0.0,
    0.0,
    3.3188949931751597e-06,
    0.0
  ],
  "learning_rates": [
    0.001,
    0.001,
    0.001,
    0.001,
    0.001,
    0.001,
    0.001,
    0.001,
    0.001,
    0.001,
    0.001,
    0.001,
    0.001,
    0.001,
    0.001,
    0.001,
    0.001,
    0.001,
    0.001,
    0.001,
    0.001,
    0.001,
    0.0005,
    0.0005,
    0.0005,
    0.0005,
    0.0005,
    0.0005,
    0.0005,
    0.0005,
    0.0005,
    0.0005,
    0.0005,
    0.0005,
    0.0005,
    0.0005,
    0.0005,
    0.0005,
    0.0005,
    0.00025,
    0.00025,
    0.00025,
    0.00025,
    0.00025,
    0.00025,
    0.00025,
    0.00025,
    0.00025,
    0.00025,
    0.00025
  ],