{
  "train_losses": [
    252.44654950360132,
    182.2006022071115,
    181.89136915050173,
    181.7658648774235,
    181.64430437437653,
    181.56691613661505,
    181.50039053626367,
    181.47042325836065,
    181.42238862897293,
    181.40342343953708,
    181.3855335992748,
    181.37146563234583,
    181.3871098649788,
    181.34366334705376,
    181.34347240964019,
    181.34777164579793,
    181.33239367999863,
    181.36077581856554,
    181.31738848390833,
    181.31849570099533,
    181.31908344408654,
    181.3182882316194,
    181.3215332995775,
    181.30172893461477,
    181.29424701599044,
    181.21436715879574,
    181.19372950190993,
    181.1935675002531,
    181.19413400449886,
    181.19430702103375,
    181.19349913470512,
    181.19581602074857,
    181.1938296582093,
    181.18921552385603,
    181.19326462004187,
    181.1966984841676,
    181.19236357986702,
    181.19448015331167,
    181.1422641527487,
    181.1434823673986,
    181.14049845429045,
    181.14012510586628,
    181.13985719933973,
    181.13661269080623,
    181.14095938160506,
    181.140049004826,
    181.13710417427998,
    181.1418595151262,
    181.13963425897919,
    181.13678798362068
  ],
  "val_losses": [
    182.83265734052324,
    182.06883890645489,
    181.63608817787437,
    182.43417859911085,
    185.21356478604403,
    181.5409364500246,
    181.55610163228496,
    181.26664893943948,
    181.13115254648915,
    181.62642624328186,
    181.2635474571815,
    181.2659815541514,
    181.17580856643357,
    181.0317233425754,
    181.09123776842665,
    181.18072779195293,
    181.28312202933785,
    181.176701632413,
    181.16953280255512,
    181.0381162950209,
    181.09261543433982,
    181.42233476438722,
    181.1004403921274,
    181.115225251738,
    181.21632195852854,
    181.14436959219978,
    180.97562115009015,
    181.05219263463587,
    181.11868768972116,
    181.02255633160786,
    181.1582786720116,
    181.0470251336798,
    181.24772564014356,
    181.00383667845827,
    181.0177025694947,
    180.97256979242073,
    181.01881840845923,
    181.04896129261363,
    181.04812974196213,
    180.91885786790115,
    180.99593345268622,
    181.00827426510259,
    180.9620217543382,
    181.02025462864162,
    180.97715247094214,
    181.0007319150271,
    180.96095513297126,
    180.9876444889949,
    181.0253333778648,
    181.0166812709995
  ],
  "train_recon_losses": [
    244.3541654063537,
    182.1865067512136,
    181.89071988999166,
    181.76580937864205,
    181.64429027301773,
    181.56690815034617,
    181.50038131540254,
    181.47041085456627,
    181.4223824560115,
    181.40341043773705,
    181.38552698263175,
    181.3714583212446,
    181.3870775726743,
    181.34365370180151,
    181.34346536860605,
    181.34776086240592,
    181.3323850378526,
    181.36072741868975,
    181.31737889652757,
    181.31848568922348,
    181.31907661524795,
    181.31828134490928,
    181.32151931396174,
    181.30172110266992,
    181.29424032218537,
    181.21435828516366,
    181.19372109124996,
    181.1935603048949,
    181.19412688630268,
    181.19429972922305,
    181.19349201650897,
    181.1958085746138,
    181.1938215369069,
    181.1892085599839,
    181.19325709674513,
    181.19669115377587,
    181.1923562687658,
    181.1944725721434,
    181.14225462323947,
    181.14347247136982,
    181.14048867400467,
    181.14011603932917,
    181.1398472068584,
    181.13660346994507,
    181.14095033435845,
    181.14004015048445,
    181.1370948955473,
    181.14185029426508,
    181.13962517315156,
    181.13677891708355
  ],
  "val_recon_losses": [
    182.76324710979327,
    182.06833672690226,
    181.6360578470297,
    182.43402686485877,
    185.2135496072836,
    181.54092129794034,
    181.55610163228496,
    181.26664893943948,
    181.1311373944049,
    181.62641106452142,
    181.26353227842105,
    181.2659815541514,
    181.17579341434933,
    181.0317233425754,
    181.09123776842665,
    181.18071261319247,
    181.28312202933785,
    181.176701632413,
    181.16951762379466,
    181.0381162950209,
    181.09260025557938,
    181.42231958562678,
    181.1004403921274,
    181.115225251738,
    181.21630677976808,
    181.14435441343934,
    180.97560597132968,
    181.05219263463587,
    181.11868768972116,
    181.02255633160786,
    181.1582786720116,
    181.0470251336798,
    181.24772564014356,
    181.00383667845827,
    181.01768739073427,
    180.97256979242073,
    181.01881840845923,
    181.0489461138532,
    181.04812974196213,
    180.9188426891407,
    180.99591827392578,
    181.00827426510259,
    180.96200657557773,
    181.02023944988116,
    180.9771373188579,
    181.00071673626667,
    180.96093998088702,
    180.9876444889949,
    181.02531822578058,
    181.0166812709995
  ],
  "train_kl_losses": [
    8.092384356269484,
    0.014095343855652939,
    0.0006494488719145517,
    5.620562059046994e-05,
    1.403019993140494e-05,
    8.48409504255185e-06,
    9.492594092813828e-06,
    1.2954749827983014e-05,
    6.4041304598936535e-06,
    1.3453186604603636e-05,
    6.822144499474073e-06,
    7.926301256671529e-06,
    3.2093588294586175e-05,
    9.113737741671708e-06,
    7.270200958845027e-06,
    1.0910197620783572e-05,
    8.437364422908263e-06,
    4.84803622545761e-05,
    9.304771797435182e-06,
    9.488027450928007e-06,
    6.962211657597774e-06,
    7.008109768794016e-06,
    1.3988105484574616e-05,
    7.955312784339166e-06,
    6.96332603121602e-06,
    8.684407599990691e-06,
    8.415968881994083e-06,
    7.31804628440012e-06,
    7.295342819966766e-06,
    7.4954421187199974e-06,
    7.1820848118715455e-06,
    7.540371048906035e-06,
    8.041058993934685e-06,
    7.084048437098849e-06,
    7.338014364756341e-06,
    7.442901307729402e-06,
    7.408283233891892e-06,
    7.423094006719753e-06,
    9.09431316661076e-06,
    9.405951236422729e-06,
    9.59235533176216e-06,
    8.768001460479568e-06,
    9.44249606731222e-06,
    9.07776226826317e-06,
    8.673436474634554e-06,
    8.8219077909547e-06,
    9.022681860614308e-06,
    8.913053507897422e-06,
    8.921451378392506e-06,
    8.774123308985428e-06
  ],
  "val_kl_losses": [
    0.0694100089840122,
    0.0005059608116247723,
    2.8265129092598815e-05,
    0.00015554962544604302,
    2.1484208198010244e-05,
    8.230331999826134e-06,
    4.501436438925981e-06,
    -1.0155666647218428e-06,
    8.569345920948292e-06,
    2.2714614454604737e-05,
    1.241836450192947e-05,
    6.796373095089843e-06,
    9.577880410796643e-06,
    5.882235327462822e-06,
    5.363484595656408e-06,
    1.639420631865912e-05,
    4.662855288544604e-06,
    -4.921044374431868e-06,
    1.0188134870299797e-05,
    1.1343878862395934e-06,
    1.0481310525576917e-05,
    1.3657335934418065e-05,
    6.97757821182893e-06,
    2.340890586838595e-06,
    1.753564082992579e-05,
    1.2809439120920851e-05,
    1.4948396685238524e-05,
    6.4333540471303244e-06,
    2.8100118209555797e-06,
    6.186552483639745e-06,
    4.806491392469229e-06,
    2.245639639208907e-06,
    3.5227959205468114e-06,
    6.591734522994334e-06,
    1.381282243630165e-05,
    1.4368455773186902e-06,
    2.3940790581380153e-06,
    1.096009718249324e-05,
    6.352753310117926e-06,
    1.4840507214790017e-05,
    1.8747294437868027e-05,
    4.262346945299239e-06,
    2.0148958063438548e-05,
    1.3760478367231798e-05,
    9.387595484084514e-06,
    1.015769139866807e-05,
    8.521539673931291e-06,
    6.4950699805042106e-06,
    8.856111750132046e-06,
    6.009405621301409e-06
  ],