{
  "train_losses": [
    409.9913453151544,
    182.13801158032135,
    181.78546341270322,
    181.6200049360543,
    181.51846448510094,
    181.49048266308347,
    181.4354659706241,
    181.41352350401365,
    181.39534818357524,
    181.3985141797554,
    181.37920075813227,
    181.38544783369179,
    181.37103688159272,
    181.36637961367137,
    181.3631450397477,
    181.37216950427415,
    181.36160938055568,
    181.3657187595681,
    181.34423903357967,
    181.33765549304061,
    181.33650772731312,
    181.33953413740272,
    181.35034457470766,
    181.22165580585542,
    181.22108476834111,
    181.2125569957246,
    181.21494718568516,
    181.19893159154995,
    181.20270298163297,
    181.20504405796905,
    181.2033220139225,
    181.20656881802603,
    181.2039371302396,
    181.2070231672786,
    181.15053690489566,
    181.14967770582504,
    181.14569168958894,
    181.15148646068934,
    181.14715452712647,
    181.14880463688172,
    181.14645582505332,
    181.14501939621647,
    181.14571011202074,
    181.1478395908129,
    181.14233585555394,
    181.1512853378894,
    181.14748065239561,
    181.15268067795165,
    181.15067240139928,
    181.14767022018336
  ],
  "val_losses": [
    182.21134017730927,
    181.75285584776552,
    181.41140405614894,
    181.43713981788474,
    181.0861380517066,
    181.45512552861567,
    181.30346895764757,
    181.4421151701387,
    181.24565700717739,
    181.30752632834694,
    181.1145358319049,
    180.98929115775582,
    181.49284824291308,
    181.1374356996763,
    181.22476105589968,
    181.21736675876005,
    181.30151676631473,
    181.17037822483303,
    181.0425227772106,
    181.2715560272857,
    181.03675628875519,
    181.16653383695163,
    181.12975828797667,
    181.09232778482505,
    181.0633299500792,
    181.03900610650336,
    180.98568349451452,
    181.06061591301764,
    181.02780994335254,
    181.1568705685489,
    181.03108081951007,
    181.04144009676847,
    181.13126482663455,
    180.9792653597318,
    180.99595399336383,
    181.02056383252977,
    180.99430121575202,
    181.02933704936422,
    180.98646145267085,
    180.99064220081675,
    181.04010332547702,
    181.00010963920113,
    180.96223281646942,
    180.99570547784126,
    181.03903006173513,
    181.06753617400057,
    181.00442504882812,
    180.96837319860924,
    180.9927765105988,
    180.98365794361888
  ],
  "train_recon_losses": [
    306.85808336568994,
    182.11982316163036,
    181.78293435040075,
    181.61948038865583,
    181.51840761669365,
    181.49002042401455,
    181.43514484159564,
    181.41312692982208,
    181.39533468022208,
    181.39831647137476,
    181.3790592044102,
    181.38538299830614,
    181.37058604321197,
    181.36567089982643,
    181.36301405722213,
    181.37197401430151,
    181.3615997160129,
    181.36538179303543,
    181.34421630936538,
    181.33764542339725,
    181.3364309511052,
    181.3395336744306,
    181.35012088201742,
    181.22165455197262,
    181.22108476834111,
    181.21251168232953,
    181.21494716639464,
    181.19893159154995,
    181.20270298163297,
    181.2049791261309,
    181.2033220139225,
    181.20656881802603,
    181.2039371302396,
    181.20700877656225,
    181.15051780729618,
    181.14967770582504,
    181.14569168958894,
    181.1514780500294,
    181.14715452712647,
    181.14880463688172,
    181.14645582505332,
    181.14501939621647,
    181.14570907033348,
    181.14783411230962,
    181.14233585555394,
    181.15128489420778,
    181.14748065239561,
    181.15268067795165,
    181.15067240139928,
    181.14767006585933
  ],
  "val_recon_losses": [
    182.184935936561,
    181.7514441963676,
    181.41123855697526,
    181.43688188566193,
    181.08612287294613,
    181.45509517109477,
    181.29909939532513,
    181.44206966053355,
    181.24565700717739,
    181.3074504612209,
    181.1145358319049,
    180.98929115775582,
    181.4927875545475,
    181.13526607059933,
    181.22459416956335,
    181.21736675876005,
    181.30151676631473,
    181.17031753646745,
    181.0425227772106,
    181.2715560272857,
    181.03675628875519,
    181.16653383695163,
    181.12974313589243,
    181.09232778482505,
    181.0633299500792,
    181.03900610650336,
    180.98568349451452,
    181.06061591301764,
    181.02780994335254,
    181.1568705685489,
    181.03108081951007,
    181.04144009676847,
    181.13126482663455,
    180.9759274996244,
    180.99595399336383,
    181.02056383252977,
    180.99430121575202,
    181.02933704936422,
    180.98646145267085,
    180.99064220081675,
    181.04010332547702,
    181.00010963920113,
    180.96221763770896,
    180.99570547784126,
    181.03903006173513,
    181.06753617400057,
    181.00442504882812,
    180.96837319860924,
    180.9927765105988,
    180.98365794361888
  ],
  "train_kl_losses": [
    103.13326084990568,
    0.018188458929773228,
    0.002529242774177291,
    0.0005244033601883841,
    5.764756281065429e-05,
    0.0004627485341579664,
    0.0003207679343434562,
    0.0003968315992584421,
    1.4974254121069058e-05,
    0.0001989086117364664,
    0.00014173577618508513,
    6.588129267831217e-05,
    0.0004512030918589133,
    0.0007092407168690987,
    0.0001317330467716029,
    0.00019625315322586618,
    1.0430737482160142e-05,
    0.00033780506678989956,
    2.3677888621874012e-05,
    1.0806299491718354e-05,
    7.780342728992177e-05,
    7.583579583053492e-07,
    0.00022413396051650404,
    2.0887999408013e-06,
    1.44678783778445e-07,
    4.604703707881884e-05,
    2.254577713880768e-07,
    1.9893332769536187e-08,
    3.315555461589365e-08,
    6.534477552180043e-05,
    1.507070664358802e-08,
    1.386505011210098e-08,
    9.645252251896333e-08,
    1.4795816954408976e-05,
    1.9318837432282614e-05,
    2.4113130629740836e-09,
    3.014141328717604e-09,
    8.724733490105977e-06,
    1.5854383389054598e-07,
    9.645252251896335e-09,
    1.326222184635746e-08,
    6.992807882624842e-08,
    1.7252944965579567e-06,
    5.7087836765911426e-06,
    5.425454391691688e-09,
    8.198464414111884e-07,
    4.521211993076406e-08,
    5.48573721826604e-08,
    1.0368646170788559e-07,
    4.6176645155953697e-07
  ],
  "val_kl_losses": [
    0.02640585590909411,
    0.0014159129216120793,
    0.00015992092919516395,
    0.00026171857660466975,
    1.9439242102883078e-05,
    3.366307778791948e-05,
    0.0043766742402857,
    3.840435634959828e-05,
    3.7930228493430396e-06,
    7.775696841153231e-05,
    0.0,
    4.26715070551092e-06,
    6.068836558948863e-05,
    0.0021752986040982332,
    0.00016641887751492587,
    4.7412785616787995e-07,
    9.482557123357599e-07,
    5.4524703459306196e-05,
    9.482557123357599e-07,
    2.3706392808394e-06,
    9.482557123357599e-07,
    0.0,
    9.4825571233576e-06,
    0.0,
    0.0,
    0.0,
    0.0,
    0.0,
    0.0,
    0.0,
    0.0,
    0.0,
    0.0,
    0.003341653130271218,
    0.0,
    0.0,
    0.0,
    9.482557123357599e-07,
    0.0,
    0.0,
    0.0,
    0.0,
    1.137906854802912e-05,
    0.0,
    0.0,
    0.0,
    0.0,
    0.0,
    0.0,
    7.111917842518199e-06
  ],
  "learning_rates": [
    0.001,
    0.001,
    0.001,
    0.001,
    0.001,
    0.001,
    0.001,
    0.001,
    0.001,
    0.001,
    0.001,
    0.001,
    0.001,
    0.001,
    0.001,
    0.001,
    0.001,
    0.001,
    0.001,
    0.001,
    0.001,
    0.001,
    0.0005,
    0.0005,
    0.0005,
    0.0005,
    0.0005,
    0.0005,
    0.0005,
    0.0005,
    0.0005,
    0.0005,
    0.0005,
    0.00025,
    0.00025,
    0.00025,
    0.00025,
    0.00025,
    0.00025,
    0.00025,
    0.00025,
    0.00025,
    0.00025,
    0.00025,
    0.00025,
    0.00025,
    0.00025,
    0.00025,
    0.00025,
    0.00025
  ],