{
  "train_losses": [
    424.73770876569785,
    198.1940314561769,
    197.80078325621247,
    197.61354668734197,
    197.55807985096,
    197.48632395825103,
    197.46938633587206,
    197.44486432370886,
    197.4157834444878,
    197.38548035748238,
    197.39256437087028,
    197.38860624870367,
    197.37162807768425,
    197.3755820909734,
    197.37718642436147,
    197.37085844442606,
    197.37028372242537,
    197.3600997442542,
    197.35991490264004,
    197.34754851253234,
    197.34585102529803,
    197.33872436060466,
    197.33619570340278,
    197.344315366106,
    197.34487957478171,
    197.31317923795407,
    197.32371424543572,
    197.32409299520114,
    197.32231394771378,
    197.31833813615455,
    197.3126897606928,
    197.31828547307725,
    197.30813741382545,
    197.28483807241872,
    197.29546650381366,
    197.28241811720972,
    197.29941044745945,
    197.29683367973936,
    197.30465090591295,
    197.28804673919484,
    197.27921429235022,
    197.2776070653865,
    197.28483722363652,
    197.27791370724606,
    197.28318784692044,
    197.27126236058368,
    197.26814032746327,
    197.26987371432645,
    197.27310709223886,
    197.25772698519353
  ],
  "val_losses": [
    198.28941729352192,
    197.66793332400022,
    197.44725890259642,
    197.26625978696597,
    197.37091806051615,
    197.28664867694562,
    197.11152840994455,
    197.3282946606616,
    197.14510782948742,
    197.1341994492324,
    197.0648280323802,
    197.15234302974247,
    197.2014309542996,
    197.12283186479047,
    197.0543458845232,
    197.09093619393303,
    197.11968596665176,
    197.38674145145015,
    197.04116037008646,
    197.23814696198576,
    197.13789733139785,
    197.07156353396968,
    197.096393051681,
    197.15933478295386,
    197.1251346614811,
    197.07768462921356,
    197.07993703455358,
    197.1543175757348,
    197.01672331269805,
    197.04489626584353,
    197.07867316932945,
    197.03121526758153,
    196.96203639957454,
    197.17376655631966,
    197.12527185720162,
    197.0458519675515,
    197.12316345001435,
    197.0452777889225,
    197.0244244128674,
    197.01601778043732,
    197.0671943984665,
    197.0498363254787,
    196.92023062539266,
    196.94468294157014,
    196.95134345634833,
    197.1715510975231,
    196.92564322731712,
    196.9653211473585,
    197.00725334007424,
    197.1980153597318
  ],
  "train_recon_losses": [
    294.0953223497316,
    182.12763784145736,
    181.79465472080312,
    181.61321255651347,
    181.55662852985367,
    181.4860766732738,
    181.4671682172117,
    181.444412945194,
    181.41577466730826,
    181.38548035748238,
    181.39121168211346,
    181.38860624870367,
    181.37162807768425,
    181.3755820909734,
    181.37233077289181,
    181.37077044114451,
    181.37028372242537,
    181.3600997442542,
    181.35991490264004,
    181.34714420284845,
    181.34562698537871,
    181.33872436060466,
    181.33619570340278,
    181.34074529172798,
    181.34168956192346,
    181.31317923795407,
    181.32351914127315,
    181.32409299520114,
    181.32120015256473,
    181.31764643653455,
    181.3126897606928,
    181.3176835321747,
    181.3080635119027,
    181.28483807241872,
    181.29546650381366,
    181.28241811720972,
    181.29941044745945,
    181.29683367973936,
    181.29671662495804,
    181.28468446213134,
    181.27742149073316,
    181.2776070653865,
    181.28483722363652,
    181.27745528769705,
    181.28244057135697,
    181.27126236058368,
    181.26754419300258,
    181.26987371432645,
    181.26665586527017,
    181.25772698519353
  ],
  "val_recon_losses": [
    182.380326384431,
    181.7588424149093,
    181.5381679935055,
    181.35716887787507,
    181.46182715142524,
    181.3775577678547,
    181.20243750085365,
    181.4192037515707,
    181.2360169203965,
    181.2251085401415,
    181.1557371232893,
    181.24325212065156,
    181.2923400452087,
    181.21374095569956,
    181.1452549754323,
    181.1818452848421,
    181.21059505756085,
    181.47765054235924,
    181.13206946099555,
    181.32905605289486,
    181.22880642230695,
    181.16247262487877,
    181.18730214259008,
    181.25024387386296,
    181.2160437523902,
    181.16859372012266,
    181.17084612546267,
    181.2452266666439,
    181.10763240360714,
    181.13580535675263,
    181.16958226023854,
    181.12212435849062,
    181.05294549048364,
    181.26467564722876,
    181.21618094811072,
    181.1367610584606,
    181.21407254092344,
    181.1361868798316,
    181.1153335037765,
    181.10692687134642,
    181.1581034893756,
    181.1407454163878,
    181.01113971630176,
    181.03559203247923,
    181.04225254725742,
    181.2624601884322,
    181.01655231822622,
    181.0562302382676,
    181.09816243098334,
    181.2889244506409
  ],
  "train_kl_losses": [
    130.64238915521787,
    16.066393617130863,
    16.006128566756413,
    16.000334126005885,
    16.001451313872405,
    16.000247275331983,
    16.002218133128245,
    16.00045138333751,
    16.000008772356924,
    16.0,
    16.001352671877623,
    16.0,
    16.0,
    16.0,
    16.004855651469658,
    16.000088003281547,
    16.0,
    16.0,
    16.0,
    16.000404309683894,
    16.000224039919306,
    16.0,
    16.0,
    16.00357008161195,
    16.003190003213028,
    16.0,
    16.00019509692861,
    16.0,
    16.001113785503787,
    16.000691694797368,
    16.0,
    16.000601945725162,
    16.000073901922754,
    16.0,
    16.0,
    16.0,
    16.0,
    16.0,
    16.00793426407574,
    16.003362274652183,
    16.001792801617068,
    16.0,
    16.0,
    16.000458429194282,
    16.00074728520872,
    16.0,
    16.000596139283306,
    16.0,
    16.006451236613934,
    16.0
  ],
  "val_kl_losses": [
    15.909090909090908,
    15.909090909090908,
    15.909090909090908,
    15.909090909090908,
    15.909090909090908,
    15.909090909090908,
    15.909090909090908,
    15.909090909090908,
    15.909090909090908,
    15.909090909090908,
    15.909090909090908,
    15.909090909090908,
    15.909090909090908,
    15.909090909090908,
    15.909090909090908,
    15.909090909090908,
    15.909090909090908,
    15.909090909090908,
    15.909090909090908,
    15.909090909090908,
    15.909090909090908,
    15.909090909090908,
    15.909090909090908,
    15.909090909090908,
    15.909090909090908,
    15.909090909090908,
    15.909090909090908,
    15.909090909090908,
    15.909090909090908,
    15.909090909090908,
    15.909090909090908,
    15.909090909090908,
    15.909090909090908,
    15.909090909090908,
    15.909090909090908,
    15.909090909090908,
    15.909090909090908,
    15.909090909090908,
    15.909090909090908,
    15.909090909090908,
    15.909090909090908,
    15.909090909090908,
    15.909090909090908,
    15.909090909090908,
    15.909090909090908,
    15.909090909090908,
    15.909090909090908,
    15.909090909090908,
    15.909090909090908,
    15.909090909090908
  ],
  "learning_rates": [
    0.001,
    0.001,
    0.001,
    0.001,
    0.001,
    0.001,
    0.001,
    0.001,
    0.001,
    0.001,
    0.001,
    0.001,
    0.001,
    0.001,
    0.001,
    0.001,
    0.001,
    0.001,
    0.001,
    0.001,
    0.001,
    0.001,
    0.001,
    0.001,
    0.001,
    0.001,
    0.001,
    0.001,
    0.001,
    0.001,
    0.001,
    0.001,
    0.001,
    0.001,
    0.001,
    0.001,
    0.001,
    0.001,
    0.001,
    0.001,
    0.001,
    0.001,
    0.001,
    0.001,
    0.001,
    0.001,
    0.001,
    0.001,
    0.001,
    0.001
  ],
  "epochs": [
    0,
    1,
    2,
    3,
    4,
    5,
    6,
    7,
    8,
    9,
    10,
    11,
    12,
    13,
    14,
    15,
    16,
    17,
    18,
    19,
    20,
    21,
    22,
    23,
    24,
    25,
    26,
    27,
    28,
    29,
    30,
    31,
    32,
    33,
    34,
    35,
    36,
    37,
    38,
    39,
    40,
    41,
    42,
    43,
    44,
    45,
    46,
    47,
    48,
    49
  ]
}