{
  "train_losses": [
    508.87450421474375,
    182.16660226853247,
    181.79238679406012,
    181.63958026485707,
    181.575103200341,
    181.48150715785744,
    181.43989696092763,
    181.41466876197555,
    181.41685588079517,
    181.3867376546944,
    181.39103206822602,
    181.38649851031008,
    181.35813570082865,
    181.3657136090034,
    181.36674437782105,
    181.35225155682087,
    181.34910548773186,
    181.3397808436648,
    181.3483094650635,
    181.34445012957045,
    181.23009250800015,
    181.21365182830772,
    181.21001340767225,
    181.2119341824962,
    181.20727637444074,
    181.2036008967461,
    181.21202745208547,
    181.2029703866064,
    181.20762383500787,
    181.20899456038637,
    181.20806940708087,
    181.19951713552368,
    181.15291789328555,
    181.14831946140293,
    181.14627169718784,
    181.1493100095187,
    181.1474326769109,
    181.14392284677845,
    181.13919732905217,
    181.14602985213287,
    181.14519185332674,
    181.14153963998055,
    181.1440763413228,
    181.14253068964942,
    181.1435859574078,
    181.12157516383039,
    181.11578141512672,
    181.11807951221877,
    181.1162799396346,
    181.1164396650119
  ],
  "val_losses": [
    182.66846871542765,
    181.8913819639833,
    181.58388399244188,
    181.3209119409948,
    181.13423047365842,
    181.3981584402231,
    181.55868343540004,
    181.1165501254422,
    181.0264279025418,
    181.149607758422,
    181.1422332550262,
    181.1226949625082,
    181.10732490699607,
    181.23396194564714,
    181.2426603624037,
    181.30827678333628,
    181.22547160328685,
    181.25855601917613,
    181.22417828753277,
    181.21907761046936,
    180.99316939774093,
    181.02641941950873,
    181.09118740375226,
    181.07963658046054,
    181.08686033662383,
    181.02474836869672,
    181.06693801346358,
    180.99377193317548,
    181.0388183060226,
    181.05674338174032,
    181.09276041951213,
    181.01780023107995,
    181.04503700949928,
    180.9650329909958,
    181.04183197021484,
    181.04628721650664,
    181.00639594018043,
    181.00089274586497,
    180.96608832832817,
    180.95971018117623,
    181.03138098016487,
    181.005548890654,
    180.97188333364633,
    181.05622268890167,
    180.98711299229336,
    180.98720625230482,
    180.94558267660074,
    180.99737850269238,
    180.99210891190108,
    180.97305543272645
  ],
  "train_recon_losses": [
    324.3550352344923,
    182.14229656079627,
    181.79030478919955,
    181.63914591985767,
    181.57444288637183,
    181.48120580159608,
    181.43984395062125,
    181.41451393638638,
    181.41657643854694,
    181.38657706124442,
    181.39100560165386,
    181.38602938453104,
    181.35802339151144,
    181.36552166848358,
    181.36659130766782,
    181.3519282865464,
    181.3489604424285,
    181.3397504225392,
    181.34814682682003,
    181.34429875698163,
    181.23009250800015,
    181.21365182830772,
    181.2100132147672,
    181.21181548802198,
    181.20727564140157,
    181.2036008967461,
    181.2119958156581,
    181.20297009724882,
    181.20762383500787,
    181.2089532208352,
    181.20806850042717,
    181.19951713552368,
    181.15291789328555,
    181.14831946140293,
    181.14627169718784,
    181.1493100095187,
    181.1474326769109,
    181.14392284677845,
    181.13919732905217,
    181.1460123556453,
    181.1451917375837,
    181.14153956281854,
    181.1440755697026,
    181.14253068964942,
    181.1435859381173,
    181.12157516383039,
    181.11578141512672,
    181.11807951221877,
    181.1162799396346,
    181.1164396650119
  ],
  "val_recon_losses": [
    182.61288156042565,
    181.88788770128798,
    181.58327569494713,
    181.3196677094573,
    181.13389667430957,
    181.3980218847315,
    181.55868343540004,
    181.116428748711,
    181.0264279025418,
    181.149607758422,
    181.1422028975053,
    181.1226646316635,
    181.10689333935719,
    181.23144339181326,
    181.2426603624037,
    181.30815540660512,
    181.22544124576595,
    181.25855601917613,
    181.22417828753277,
    181.21907761046936,
    180.99316939774093,
    181.02641941950873,
    181.09118740375226,
    181.07963658046054,
    181.08686033662383,
    181.02474836869672,
    181.06690765594269,
    180.99377193317548,
    181.0388183060226,
    181.05673697945122,
    181.09276041951213,
    181.01780023107995,
    181.04503700949928,
    180.9650329909958,
    181.04183197021484,
    181.04628721650664,
    181.00639594018043,
    181.00089274586497,
    180.96608832832817,
    180.95971018117623,
    181.03138098016487,
    181.005548890654,
    180.97188333364633,
    181.05622268890167,
    180.98711299229336,
    180.98720625230482,
    180.94558267660074,
    180.99737850269238,
    180.99210891190108,
    180.97305543272645
  ],
  "train_kl_losses": [
    184.51946602044003,
    0.02430537162176728,
    0.002081563627976081,
    0.0004344164345568863,
    0.0006605842622884757,
    0.00030121557631173116,
    5.464336814832145e-05,
    0.00015635315597283404,
    0.00027937714278924026,
    0.00016240253761957028,
    2.905873372190068e-05,
    0.00046921439478279816,
    0.00011276384973345152,
    0.00019299366079299096,
    0.00015542359478705752,
    0.00032501847644521374,
    0.00014544980113033096,
    3.282158775667174e-05,
    0.00016485303451981768,
    0.00015341798514692883,
    1.0308363344214207e-07,
    4.822626125948167e-09,
    2.9598867848006875e-07,
    0.00011993569761100219,
    2.4070932651138787e-06,
    3.9183837273328856e-08,
    3.227241120657939e-05,
    1.4335256159380926e-06,
    2.9538585021432522e-08,
    4.155295235770089e-05,
    2.5457437662348888e-06,
    6.432177595483367e-07,
    0.0,
    0.0,
    8.439595720409292e-09,
    4.7080887554568977e-07,
    2.833292848994548e-07,
    4.2861089694364335e-07,
    2.8212362836796775e-07,
    1.8877567141758357e-05,
    2.126175293277398e-06,
    1.32863349769872e-06,
    1.07182865649198e-06,
    2.8935756755689e-08,
    1.0169712843093197e-06,
    2.712727195845844e-08,
    1.531183794988543e-07,
    6.028282657435208e-09,
    5.304888738542984e-08,
    4.943191779096871e-08
  ],
  "val_kl_losses": [
    0.05558714874974498,
    0.003493325485216154,
    0.0006159389769280707,
    0.001244083776340618,
    0.0003443791732921467,
    0.00013322992758317426,
    4.7412785616787995e-07,
    0.00012801452116532758,
    7.111917842518199e-06,
    2.84476713700728e-06,
    3.129243850708008e-05,
    2.038749781521884e-05,
    0.0004399906505237926,
    0.0025171447883952747,
    1.8965114246715198e-06,
    0.00013133341615850276,
    3.5559589212591e-05,
    7.586045698686079e-06,
    1.42238356850364e-06,
    9.482557123357599e-07,
    0.0,
    0.0,
    7.586045698686079e-06,
    1.8965114246715198e-06,
    0.0,
    0.0,
    2.702528780156916e-05,
    0.0,
    0.0,
    1.374970782886852e-05,
    2.84476713700728e-06,
    0.0,
    0.0,
    0.0,
    0.0,
    4.7412785616787995e-07,
    0.0,
    0.0,
    0.0,
    4.7412785616787995e-07,
    9.482557123357599e-07,
    0.0,
    0.0,
    0.0,
    0.0,
    4.7412785616787995e-07,
    0.0,
    0.0,
    0.0,
    0.0
  ],
  "learning_rates": [
    0.001,
    0.001,
    0.001,
    0.001,
    0.001,
    0.001,
    0.001,
    0.001,
    0.001,
    0.001,
    0.001,
    0.001,
    0.001,
    0.001,
    0.001,
    0.001,
    0.001,
    0.001,
    0.001,
    0.0005,
    0.0005,
    0.0005,
    0.0005,
    0.0005,
    0.0005,
    0.0005,
    0.0005,
    0.0005,
    0.0005,
    0.0005,
    0.0005,
    0.00025,
    0.00025,
    0.00025,
    0.00025,
    0.00025,
    0.00025,
    0.00025,
    0.00025,
    0.00025,
    0.00025,
    0.00025,
    0.00025,
    0.00025,
    0.000125,
    0.000125,
    0.000125,
    0.000125,
    0.000125,
    0.000125
  ],