{
  "train_losses": [
    490.69431205585545,
    186.29114083966473,
    182.2718283825668,
    187.99499056462844,
    182.06136037486542,
    181.67110461441214,
    181.60366803927607,
    183.7819602185043,
    181.59311370270893,
    181.94308392588619,
    181.59613934117834,
    181.53502204596018,
    181.53670907774105,
    183.9724325573098,
    181.84870295277437,
    181.5175917826772,
    181.49207362815193,
    181.44026006609388,
    182.98668982195946,
    181.6159051444226,
    181.55522258001392,
    181.5915762687905,
    181.3357691131862,
    181.3131104287245,
    181.27426481186666,
    181.2622439146946,
    181.2531336267136,
    181.26597946302024,
    181.29741374520978,
    181.38936475134076,
    181.72624916433534,
    181.2808229853923,
    181.283569355228,
    181.25584718340116,
    181.23708572098337,
    181.25922778644394,
    181.26010151126442,
    181.23923242619608,
    181.769920995353,
    181.3103716593476,
    181.24361306828283,
    181.22583274021463,
    181.24110397165254,
    181.19972236720108,
    181.19627050503468,
    181.1915831632168,
    181.18647910792066,
    181.18160520763374
  ],
  "val_losses": [
    203.29355143833828,
    182.93224385401587,
    182.00900812749262,
    182.77932459157662,
    181.80441260171102,
    181.64107113284663,
    181.3869130327985,
    181.86713214687535,
    181.41269601141656,
    181.50654687414635,
    181.2027729808034,
    181.45796152928492,
    181.22675835669457,
    182.40080930803205,
    181.41764615465712,
    181.23810833484143,
    181.21141100263262,
    181.21613986675555,
    181.88035476791276,
    181.210041099495,
    181.44993028440675,
    181.37949968884874,
    181.29306142313496,
    181.11457971426157,
    181.12514805293583,
    181.12004574862394,
    181.0825894495824,
    180.97063571423084,
    181.41396414483344,
    183.4730396404133,
    181.1181458426522,
    181.07914264385516,
    181.0141962224787,
    181.0590476989746,
    181.15497754503798,
    181.088177260819,
    181.09677574851295,
    181.25313621467643,
    181.6206495645163,
    181.07629266485466,
    181.13448744553787,
    181.09999820735905,
    181.0703119131235,
    181.03239264855017,
    181.05813884068203,
    181.0141550344187,
    181.05539087148813,
    180.9902722552106
  ],
  "train_recon_losses": [
    453.158517888162,
    185.93864668545922,
    182.27014870046816,
    186.69893836251703,
    182.05636064261762,
    181.66912035453788,
    181.6017797689522,
    183.58618654041314,
    181.5915672408344,
    181.92853288614344,
    181.59213449740983,
    181.53313940846363,
    181.5346011850234,
    183.75296942593928,
    181.83893478142778,
    181.51583300951006,
    181.49001112599137,
    181.43793075696556,
    182.91516526098047,
    181.61152718371596,
    181.55094811286395,
    181.58775885156373,
    181.33489683515353,
    181.31221822360072,
    181.27375253322904,
    181.26173153960448,
    181.25268826683615,
    181.265261026761,
    181.29637441140812,
    181.38504132489038,
    181.70872703966992,
    181.28052948036628,
    181.2830227780734,
    181.2554161563685,
    181.23668762284194,
    181.25836663903237,
    181.25919190610554,
    181.23893292182314,
    181.75528561752455,
    181.30955976059403,
    181.2430753647603,
    181.2251902313811,
    181.23987557161624,
    181.1991308624615,
    181.19579750186423,
    181.190990771114,
    181.1859461112812,
    181.18116245197436
  ],
  "val_recon_losses": [
    200.68618008806988,
    182.93092388873333,
    182.0076274738445,
    182.75193898661152,
    181.80377538721044,
    181.63967530043809,
    181.38507720307038,
    181.86585769119796,
    181.4114670653443,
    181.49988630601575,
    181.20215091838702,
    181.45612572623298,
    181.22405771108774,
    182.3232799076534,
    181.41530966592,
    181.23590840159596,
    181.20937795572348,
    181.2076283168126,
    181.86767089950456,
    181.20812940264082,
    181.4362754021491,
    181.3780128372299,
    181.2919841846386,
    181.11406384981595,
    181.12484461110787,
    181.11981817392203,
    181.08225565023355,
    180.97013502854568,
    181.41121798962146,
    183.30356739284275,
    181.11743276102558,
    181.07894539999796,
    181.01402933614239,
    181.0588201242727,
    181.15441617098722,
    181.08667523043974,
    181.0965633258953,
    181.25266588651218,
    181.61808547440108,
    181.07554925238335,
    181.13429020168064,
    181.09960371964462,
    181.0689009019545,
    181.03164920940264,
    181.05786575637498,
    181.01286539998088,
    181.05423779254193,
    180.99019638808457
  ],
  "train_kl_losses": [
    37.53579369971032,
    0.3524942221744021,
    0.0016797849185548148,
    1.2960517762885835,
    0.004999801497694515,
    0.0019841413431613696,
    0.0018880797924495075,
    0.1957737075167269,
    0.0015465125121298692,
    0.01455109765195063,
    0.004004675391048909,
    0.001882629659775687,
    0.002107539460270203,
    0.21946326414342174,
    0.00976835701770035,
    0.0017586206515730557,
    0.002062514819930085,
    0.002329284412369565,
    0.07152455495069965,
    0.004378010741377299,
    0.004274512362088325,
    0.0038174178295883004,
    0.0008724293425471985,
    0.000892032714920912,
    0.0005123497713380758,
    0.0005122141349782835,
    0.00044539303303367723,
    0.0007182246665134743,
    0.001039426637208266,
    0.004323625986554981,
    0.017521982397954775,
    0.0002936967254137119,
    0.0005465391764297196,
    0.0004307780645589913,
    0.00039801193700276795,
    0.0008613499618510983,
    0.0009098046950232968,
    0.00029959178302441775,
    0.014635195774314678,
    0.000812018113552243,
    0.0005376341972881563,
    0.000642514258962214,
    0.001228181812464814,
    0.0005914655557625212,
    0.00047311589931869024,
    0.0005924210385637247,
    0.0005331286588299893,
    0.0004428563316914285
  ],
  "val_kl_losses": [
    2.6073690342319593,
    0.0013196205759381915,
    0.001378382419372772,
    0.027381910102350727,
    0.0006362795829772949,
    0.0013925135135650635,
    0.0018339265476573598,
    0.001275403933091597,
    0.0012313100424679842,
    0.0066657635298642244,
    0.0006196851080114192,
    0.0018296593969518488,
    0.0027011063965884123,
    0.07753223180770874,
    0.0023317607966336336,
    0.0021942637183449483,
    0.0020325861193917012,
    0.008517232808199797,
    0.012681497768922285,
    0.00191215764392506,
    0.013650140979073265,
    0.001485916701230136,
    0.00108243389563127,
    0.0005224888974970037,
    0.0003034418279474432,
    0.000225210731679743,
    0.0003361566500230269,
    0.0005049461668187922,
    0.0027461485429243608,
    0.16946846788579767,
    0.000706924633546309,
    0.0001991336995905096,
    0.00016167759895324707,
    0.00023184852166609332,
    0.0005575743588534268,
    0.0014982440254905007,
    0.00021809881383722478,
    0.0004684383218938654,
    0.002560290423306552,
    0.0007382170720533891,
    0.00019249590960415927,
    0.00039874152703718704,
    0.0014095821163871071,
    0.000738691199909557,
    0.0002697787501595237,
    0.0012891536409204657,
    0.0011540272019126198,
    7.58604569868608e-05
  ],
  "learning_rates": [
    0.001,
    0.001,
    0.001,
    0.001,
    0.001,
    0.001,
    0.001,
    0.001,
    0.001,
    0.001,
    0.001,
    0.001,
    0.001,
    0.001,
    0.001,
    0.001,
    0.001,
    0.001,
    0.001,
    0.001,
    0.001,
    0.0005,
    0.0005,
    0.0005,
    0.0005,
    0.0005,
    0.0005,
    0.0005,
    0.0005,
    0.0005,
    0.0005,
    0.0005,
    0.0005,
    0.0005,
    0.0005,
    0.0005,
    0.0005,
    0.0005,
    0.00025,
    0.00025,
    0.00025,
    0.00025,
    0.00025,
    0.00025,
    0.00025,
    0.00025,
    0.00025,
    0.00025
  ],