{
  "train_losses": [
    3399.322981225555,
    2229.34871846234,
    13247.532500179015,
    141714.9588386931,
    1165410.4336283186,
    1277432.221693268,
    431674.795403366,
    3965322.227085967,
    11119860.800884956,
    7322534.945006321,
    4618532.18426043,
    4399812.910556258,
    2624457.5818584072,
    1484569.9886219974,
    926506.0868362832,
    417908.11755293934,
    197657.4777970923,
    114014.98039467447,
    64501.17625533344,
    38529.41053897361,
    24033.521123874052
  ],
  "val_losses": [
    822.4955250133168,
    2947.478117829436,
    44015.25824956294,
    371101.51507867133,
    2080513.7386363635,
    133806.4544908217,
    1289233.381118881,
    8240974.185314685,
    10674555.227272727,
    4934885.765734266,
    4618379.63986014,
    3621631.7001748253,
    1752470.1411713287,
    1184190.3798076923,
    632942.2854020979,
    267818.3191652098,
    155034.5176464161,
    78660.58957058567,
    52013.59377731643,
    31256.77272044362,
    21926.2451171875
  ],
  "train_recon_losses": [
    1382.6010003361177,
    567.6277353163766,
    282.293112213482,
    275.29817656891987,
    225.37049144257787,
    253.27920534155612,
    238.20849075028025,
    162.92310975625753,
    108.59130149484434,
    65.49248103637309,
    73.52396236569179,
    70.67024217453678,
    39.58874571278183,
    26.90500051483945,
    23.17893605708473,
    13.360467207868844,
    12.52081083829424,
    8.610542738558218,
    12.297081036528505,
    10.017875073004312,
    7.161630685576597
  ],
  "val_recon_losses": [
    815.0172336818455,
    608.1334519819779,
    224.08126153479088,
    220.33053020664028,
    212.21656839330714,
    205.0428312608412,
    185.26435234496643,
    144.66767201723752,
    130.9175944695106,
    59.10928088301545,
    63.25283904509111,
    51.83871244550585,
    65.8423180446758,
    34.05670316569455,
    21.69191934012033,
    9.46422778413846,
    7.0190975393031865,
    7.5627600083817965,
    6.216519220621436,
    27.44622872759412,
    9.430583745449573
  ],
  "train_kl_losses": [
    2016.721974389067,
    1661.7209855217095,
    12965.239382197673,
    141439.66047230564,
    1165185.0627765488,
    1277178.9411247629,
    431436.58722147596,
    3965159.3062579012,
    11119752.204804046,
    7322469.455752213,
    4618458.657079646,
    4399742.240202276,
    2624417.9935208596,
    1484543.084386852,
    926482.907948799,
    417894.7572692794,
    197644.9570164349,
    114006.36965668458,
    64488.879232182364,
    38519.39262503951,
    24026.359486113306
  ],
  "val_kl_losses": [
    7.478291664923821,
    2339.344656564139,
    43791.17692854021,
    370881.1840034965,
    2080301.5218531468,
    133601.41182255244,
    1289048.1140734265,
    8240829.482517483,
    10674424.300699301,
    4934826.63986014,
    4618316.403846154,
    3621579.8636363638,
    1752404.3020104894,
    1184156.3251748253,
    632920.5950611888,
    267808.85642482515,
    155027.4979785839,
    78653.02707058567,
    52007.37729458042,
    31229.326458697553,
    21916.81448727054
  ],
  "learning_rates": [
    0.001,
    0.001,
    0.001,
    0.001,
    0.001,
    0.001,
    0.001,
    0.001,
    0.001,
    0.001,
    0.001,
    0.0005,
    0.0005,
    0.0005,
    0.0005,
    0.0005,
    0.0005,
    0.0005,
    0.0005,
    0.0005,
    0.0005
  ],
  "epochs": [
    0,
    1,
    2,
    3,
    4,
    5,
    6,
    7,
    8,
    9,
    10,
    11,
    12,
    13,
    14,
    15,
    16,
    17,
    18,
    19,
    20
  ]
}