{
  "model_type": "vae_rnn_hybrid",
  "training_args": {
    "model_type": "vae_rnn_hybrid",
    "epochs": 40,
    "batch_size": 32,
    "lr": 0.001,
    "sequence_length": 20,
    "hidden_dim": 64,
    "device": "auto",
    "episode_dir": "data/causal_episodes/"
  },
  "training_history": {
    "train_loss": [
      1028.7690440395422,
      326.846749288994,
      177.3676190292626,
      162.8443418803968,
      161.59850431743422,
      161.2141138712565,
      161.1897754334567,
      160.85136855276008,
      160.7994095651727,
      160.80167201527377,
      160.52808674594812,
      160.67297751443428,
      159.55896518104956,
      149.5890425297252,
      110.08024409779331,
      96.06187813742119,
      93.79302175421464,
      92.5212566978053,
      92.2001011497096,
      91.28841393454033,
      90.41187674539131,
      89.45227532637746,
      88.59994198983176,
      87.89590480871368,
      86.88104984216523,
      84.91757550155907,
      77.73011431777687,
      62.65079163668449,
      55.63865454155102,
      52.085794248079,
      50.08995042767441,
      48.04282603347511,
      46.53115065055981,
      44.8745463521857,
      42.6435045945017,
      39.4004486820154,
      36.357903698034455,
      32.336552469353926,
      27.10603161862022,
      22.336299394306383
    ],
    "val_loss": [
      721.1370015462239,
      217.92012837727864,
      173.27840830485027,
      170.4168940226237,
      170.93726221720377,
      170.18322143554687,
      170.03690338134766,
      169.5600461324056,
      167.28013966878254,
      168.49272181193035,
      166.60675710042318,
      167.1280512491862,
      166.26436487833658,
      142.47039845784505,
      118.21418685913086,
      117.07330373128255,
      116.98318557739258,
      118.06051686604818,
      116.74650370279947,
      115.710866800944,
      114.76746393839518,
      113.00971310933431,
      111.72862815856934,
      109.41552925109863,
      109.71264419555663,
      102.52955741882325,
      81.54903106689453,
      62.65974489847819,
      54.865844853719075,
      50.594529724121095,
      53.81423416137695,
      49.57907257080078,
      48.52264397939046,
      45.92175629933675,
      46.68513724009196,
      44.22292474110921,
      46.94550088246663,
      41.495879554748534,
      38.23563028971354,
      36.529688898722334
    ],
    "epoch": [
      0,
      1,
      2,
      3,
      4,
      5,
      6,
      7,
      8,
      9,
      10,
      11,
      12,
      13,
      14,
      15,
      16,
      17,
      18,
      19,
      20,
      21,
      22,
      23,
      24,
      25,
      26,
      27,
      28,
      29,
      30,
      31,
      32,
      33,
      34,
      35,
      36,
      37,
      38,
      39
    ]
  },
  "test_results": {
    "test_loss": 48.341837995192584,
    "test_mse": 46.42426182242001,
    "per_dimension_mse": [
      197.76808166503906,
      73.44236755371094,
      52.83938217163086,
      74.13713836669922,
      0.12907101213932037,
      0.14501222968101501,
      166.99024963378906,
      0.17901240289211273,
      0.35900169610977173,
      0.20961463451385498,
      0.23853984475135803,
      0.39673757553100586
    ],
    "num_samples": 531,
    "model_type": "vae_rnn_hybrid"
  },
  "training_time": 72.9057228565216,
  "model_info": {
    "name": "vae_rnn_hybrid",
    "parameters": 22692,
    "architecture": "VAERNNHybrid(\n  (encoder): Sequential(\n    (0): Linear(in_features=12, out_features=64, bias=True)\n    (1): ReLU()\n    (2): Linear(in_features=64, out_features=32, bias=True)\n    (3): ReLU()\n  )\n  (fc_mu): Linear(in_features=32, out_features=8, bias=True)\n  (fc_logvar): Linear(in_features=32, out_features=8, bias=True)\n  (decoder): Sequential(\n    (0): Linear(in_features=8, out_features=32, bias=True)\n    (1): ReLU()\n    (2): Linear(in_features=32, out_features=64, bias=True)\n    (3): ReLU()\n    (4): Linear(in_features=64, out_features=12, bias=True)\n  )\n  (rnn): GRU(15, 64, batch_first=True)\n  (latent_proj): Linear(in_features=64, out_features=8, bias=True)\n)",
    "device": "mps:0",
    "dtype": "torch.float32"
  }
}