{
  "overall_score": 0.25,
  "grade": "D",
  "status": "\ud83d\udc80 POOR - Minimal structure learning",
  "individual_tests": {
    "test_1": {
      "score": 0.25,
      "details": {
        "final_loss": 1.0454998016357422,
        "recovery_metrics": {
          "precision": 0.2,
          "recall": 1.0,
          "f1_score": 0.33333333333333337,
          "accuracy": 0.36,
          "structural_hamming_distance": 16,
          "structural_correlation": 0.17766302824020386,
          "true_positives": 4,
          "false_positives": 16,
          "true_negatives": 5,
          "false_negatives": 0,
          "threshold_used": 0.3
        },
        "learned_adjacency": [
          [
            0.0,
            0.41356784105300903,
            0.3768594563007355,
            0.374085009098053,
            0.4006465673446655
          ],
          [
            0.4257940649986267,
            0.0,
            0.32621195912361145,
            0.375328004360199,
            0.4183816909790039
          ],
          [
            0.3679625391960144,
            0.3720886707305908,
            0.0,
            0.36292311549186707,
            0.4120352864265442
          ],
          [
            0.4260425865650177,
            0.3702554702758789,
            0.36539819836616516,
            0.0,
            0.3771781623363495
          ],
          [
            0.39394548535346985,
            0.34668394923210144,
            0.374716579914093,
            0.39272063970565796,
            0.0
          ]
        ],
        "ground_truth_adjacency": [
          [
            0.0,
            0.699999988079071,
            0.0,
            0.0,
            0.0
          ],
          [
            0.0,
            0.0,
            0.6000000238418579,
            0.0,
            0.0
          ],
          [
            0.0,
            0.0,
            0.0,
            0.5,
            0.0
          ],
          [
            0.0,
            0.0,
            0.0,
            0.0,
            0.4000000059604645
          ],
          [
            0.0,
            0.0,
            0.0,
            0.0,
            0.0
          ]
        ],
        "learned_graph_summary": {
          "edges": [
            {
              "cause": "weather",
              "effect": "crowd_density",
              "weight": 0.41356784105300903,
              "cause_idx": 0,
              "effect_idx": 1,
              "statistical_support": 0.6194233298301697,
              "is_statistically_supported": 