{
  "timestamp": 1758130721.4411032,
  "phase": "Phase 2 Validation",
  "results": {
    "cross_domain_transfer": 0.9842655658721924,
    "meta_causal_reasoning": 0.637227363884449,
    "temporal_chain_reasoning": 0.6414982197684264,
    "integration_success": true
  },
  "improvements": {
    "cross_domain_transfer": 176.47909153713272,
    "meta_causal_reasoning": 70.83843535776113,
    "temporal_chain_reasoning": 67.93147114356711
  },
  "average_improvement": 105.08299934615366,
  "integration_success": true,
  "elapsed_time": 0.35055994987487793,
  "status": "\ud83c\udfc6 PHASE 2 COMPLETE - Ready for expert-level challenges!",
  "grade": "A-"
}