{
  "timestamp": 1758128584.432311,
  "test_results": {
    "tensor_fix": true,
    "isolation_confidence": 0.8364127088699879,
    "specialization_score": 1.0,
    "estimated_passing_tests": 4.0,
    "target_achieved": true
  },
  "elapsed_time": 0.012265920639038086
}